{"table": "{\"0\":{\"[5.0, 5.0, 35.0, 35.0]\":-2.9477996549,\"[5.0, 45.0, 35.0, 75.0]\":-2.5692850914,\"[5.0, 85.0, 35.0, 115.0]\":-2.1357567202,\"[5.0, 125.0, 35.0, 155.0]\":-1.7274405073,\"[5.0, 165.0, 35.0, 195.0]\":-1.3435899325,\"[45.0, 165.0, 75.0, 195.0]\":-1.355,\"[45.0, 125.0, 75.0, 155.0]\":0.0,\"[45.0, 5.0, 75.0, 35.0]\":-2.2779181164,\"[85.0, 5.0, 115.0, 35.0]\":-1.5694121707,\"[45.0, 45.0, 75.0, 75.0]\":-2.3360401194,\"[45.0, 85.0, 75.0, 115.0]\":0.0,\"[85.0, 45.0, 115.0, 75.0]\":0.0,\"[125.0, 5.0, 155.0, 35.0]\":-0.8648275252,\"[165.0, 5.0, 195.0, 35.0]\":-0.5773390841,\"[125.0, 45.0, 155.0, 75.0]\":-0.2402224171,\"[125.0, 85.0, 155.0, 115.0]\":0.0,\"[125.0, 125.0, 155.0, 155.0]\":0.0,\"[165.0, 45.0, 195.0, 75.0]\":0.0,\"[5.0, 205.0, 35.0, 235.0]\":-1.0329878452,\"[45.0, 205.0, 75.0, 235.0]\":-0.9520475908,\"[205.0, 5.0, 235.0, 35.0]\":-0.29701,\"[245.0, 5.0, 275.0, 35.0]\":-0.1,\"[285.0, 5.0, 315.0, 35.0]\":0.0,\"[245.0, 45.0, 275.0, 75.0]\":-0.1,\"[205.0, 45.0, 235.0, 75.0]\":-0.11791,\"[205.0, 85.0, 235.0, 115.0]\":0.0,\"[165.0, 85.0, 195.0, 115.0]\":-0.5,\"[5.0, 245.0, 35.0, 275.0]\":-0.9559980755,\"[5.0, 285.0, 35.0, 315.0]\":-0.8128461446,\"[45.0, 245.0, 75.0, 275.0]\":-0.828382657,\"[85.0, 245.0, 115.0, 275.0]\":0.0,\"[85.0, 165.0, 115.0, 195.0]\":0.0,\"[85.0, 205.0, 115.0, 235.0]\":-0.95,\"[45.0, 285.0, 75.0, 315.0]\":-0.6299316613,\"[85.0, 285.0, 115.0, 315.0]\":-0.5,\"[125.0, 285.0, 155.0, 315.0]\":-0.28,\"[165.0, 285.0, 195.0, 315.0]\":-0.199,\"[165.0, 245.0, 195.0, 275.0]\":-0.199,\"[165.0, 205.0, 195.0, 235.0]\":-0.5,\"[125.0, 205.0, 155.0, 235.0]\":-0.271,\"[205.0, 245.0, 235.0, 275.0]\":-0.19,\"[245.0, 245.0, 275.0, 275.0]\":-0.1,\"[245.0, 285.0, 275.0, 315.0]\":-0.199,\"[285.0, 285.0, 315.0, 315.0]\":-0.199,\"[285.0, 245.0, 315.0, 275.0]\":-0.19,\"[205.0, 285.0, 235.0, 315.0]\":-0.199,\"[125.0, 245.0, 155.0, 275.0]\":-0.2980376938,\"[285.0, 45.0, 315.0, 75.0]\":0.0,\"[245.0, 85.0, 275.0, 115.0]\":0.0,\"[125.0, 165.0, 155.0, 195.0]\":0.5,\"[205.0, 205.0, 235.0, 235.0]\":-0.19,\"[245.0, 205.0, 275.0, 235.0]\":-0.1,\"[285.0, 205.0, 315.0, 235.0]\":-0.199,\"[245.0, 165.0, 275.0, 195.0]\":-0.1,\"[165.0, 165.0, 195.0, 195.0]\":0.0,\"[205.0, 165.0, 235.0, 195.0]\":-0.1,\"[285.0, 165.0, 315.0, 195.0]\":-0.1,\"[285.0, 125.0, 315.0, 155.0]\":-0.1,\"[245.0, 125.0, 275.0, 155.0]\":-0.5,\"[285.0, 85.0, 315.0, 115.0]\":0.0,\"[205.0, 125.0, 235.0, 155.0]\":0.0},\"1\":{\"[5.0, 5.0, 35.0, 35.0]\":-2.9573380201,\"[5.0, 45.0, 35.0, 75.0]\":-2.5085186897,\"[5.0, 85.0, 35.0, 115.0]\":-2.1112989733,\"[5.0, 125.0, 35.0, 155.0]\":-1.7453850044,\"[5.0, 165.0, 35.0, 195.0]\":-1.3298054946,\"[45.0, 165.0, 75.0, 195.0]\":-1.017122413,\"[45.0, 125.0, 75.0, 155.0]\":0.0,\"[45.0, 5.0, 75.0, 35.0]\":-2.2583248298,\"[85.0, 5.0, 115.0, 35.0]\":-1.7195,\"[45.0, 45.0, 75.0, 75.0]\":-2.342795,\"[45.0, 85.0, 75.0, 115.0]\":0.0,\"[85.0, 45.0, 115.0, 75.0]\":0.0,\"[125.0, 5.0, 155.0, 35.0]\":2.149999992,\"[165.0, 5.0, 195.0, 35.0]\":-0.95,\"[125.0, 45.0, 155.0, 75.0]\":3.4999999994,\"[125.0, 85.0, 155.0, 115.0]\":5.0,\"[125.0, 125.0, 155.0, 155.0]\":0.0,\"[165.0, 45.0, 195.0, 75.0]\":0.0,\"[5.0, 205.0, 35.0, 235.0]\":-1.0556643059,\"[45.0, 205.0, 75.0, 235.0]\":-0.8946134266,\"[205.0, 5.0, 235.0, 35.0]\":-0.271,\"[245.0, 5.0, 275.0, 35.0]\":-0.1,\"[285.0, 5.0, 315.0, 35.0]\":-0.1,\"[245.0, 45.0, 275.0, 75.0]\":-0.5,\"[205.0, 45.0, 235.0, 75.0]\":-0.1,\"[205.0, 85.0, 235.0, 115.0]\":0.0,\"[165.0, 85.0, 195.0, 115.0]\":0.0,\"[5.0, 245.0, 35.0, 275.0]\":-0.8849718964,\"[5.0, 285.0, 35.0, 315.0]\":-0.7725530557,\"[45.0, 245.0, 75.0, 275.0]\":-0.734376415,\"[85.0, 245.0, 115.0, 275.0]\":0.0,\"[85.0, 165.0, 115.0, 195.0]\":0.0,\"[85.0, 205.0, 115.0, 235.0]\":-0.5,\"[45.0, 285.0, 75.0, 315.0]\":-0.585198506,\"[85.0, 285.0, 115.0, 315.0]\":-0.490099501,\"[125.0, 285.0, 155.0, 315.0]\":-0.29701,\"[165.0, 285.0, 195.0, 315.0]\":-0.199,\"[165.0, 245.0, 195.0, 275.0]\":-0.199,\"[165.0, 205.0, 195.0, 235.0]\":-0.199,\"[125.0, 205.0, 155.0, 235.0]\":-0.296929,\"[205.0, 245.0, 235.0, 275.0]\":-0.109,\"[245.0, 245.0, 275.0, 275.0]\":-0.1,\"[245.0, 285.0, 275.0, 315.0]\":-0.1,\"[285.0, 285.0, 315.0, 315.0]\":-0.199,\"[285.0, 245.0, 315.0, 275.0]\":-0.199,\"[205.0, 285.0, 235.0, 315.0]\":-0.199,\"[125.0, 245.0, 155.0, 275.0]\":-0.2071,\"[285.0, 45.0, 315.0, 75.0]\":0.0,\"[245.0, 85.0, 275.0, 115.0]\":0.0,\"[125.0, 165.0, 155.0, 195.0]\":-0.109,\"[205.0, 205.0, 235.0, 235.0]\":-0.109,\"[245.0, 205.0, 275.0, 235.0]\":-0.1,\"[285.0, 205.0, 315.0, 235.0]\":-0.1,\"[245.0, 165.0, 275.0, 195.0]\":-0.1,\"[165.0, 165.0, 195.0, 195.0]\":0.0,\"[205.0, 165.0, 235.0, 195.0]\":-0.109,\"[285.0, 165.0, 315.0, 195.0]\":-0.109,\"[285.0, 125.0, 315.0, 155.0]\":-0.1,\"[245.0, 125.0, 275.0, 155.0]\":-0.109,\"[285.0, 85.0, 315.0, 115.0]\":-0.1,\"[205.0, 125.0, 235.0, 155.0]\":0.0},\"2\":{\"[5.0, 5.0, 35.0, 35.0]\":-1.1426521346,\"[5.0, 45.0, 35.0, 75.0]\":-2.5436004442,\"[5.0, 85.0, 35.0, 115.0]\":-2.342795,\"[5.0, 125.0, 35.0, 155.0]\":-1.7195,\"[5.0, 165.0, 35.0, 195.0]\":-1.3056102956,\"[45.0, 165.0, 75.0, 195.0]\":-1.355,\"[45.0, 125.0, 75.0, 155.0]\":0.0,\"[45.0, 5.0, 75.0, 35.0]\":-0.158500425,\"[85.0, 5.0, 115.0, 35.0]\":0.9349999325,\"[45.0, 45.0, 75.0, 75.0]\":-2.342795,\"[45.0, 85.0, 75.0, 115.0]\":0.0,\"[85.0, 45.0, 115.0, 75.0]\":0.0,\"[125.0, 5.0, 155.0, 35.0]\":-0.8042356927,\"[165.0, 5.0, 195.0, 35.0]\":-0.501049,\"[125.0, 45.0, 155.0, 75.0]\":-0.95,\"[125.0, 85.0, 155.0, 115.0]\":0.0,\"[125.0, 125.0, 155.0, 155.0]\":0.0,\"[165.0, 45.0, 195.0, 75.0]\":0.0,\"[5.0, 205.0, 35.0, 235.0]\":-1.0839297399,\"[45.0, 205.0, 75.0, 235.0]\":-0.8519943513,\"[205.0, 5.0, 235.0, 35.0]\":-0.2881,\"[245.0, 5.0, 275.0, 35.0]\":-0.19,\"[285.0, 5.0, 315.0, 35.0]\":0.0,\"[245.0, 45.0, 275.0, 75.0]\":0.0,\"[205.0, 45.0, 235.0, 75.0]\":-0.1,\"[205.0, 85.0, 235.0, 115.0]\":0.0,\"[165.0, 85.0, 195.0, 115.0]\":0.0,\"[5.0, 245.0, 35.0, 275.0]\":-0.8948357309,\"[5.0, 285.0, 35.0, 315.0]\":-0.7151326094,\"[45.0, 245.0, 75.0, 275.0]\":-0.95,\"[85.0, 245.0, 115.0, 275.0]\":0.0,\"[85.0, 165.0, 115.0, 195.0]\":0.0,\"[85.0, 205.0, 115.0, 235.0]\":-0.5149,\"[45.0, 285.0, 75.0, 315.0]\":-0.65612269,\"[85.0, 285.0, 115.0, 315.0]\":-0.516439,\"[125.0, 285.0, 155.0, 315.0]\":-0.3691,\"[165.0, 285.0, 195.0, 315.0]\":-0.28,\"[165.0, 245.0, 195.0, 275.0]\":-0.199,\"[165.0, 205.0, 195.0, 235.0]\":-0.199,\"[125.0, 205.0, 155.0, 235.0]\":-0.28,\"[205.0, 245.0, 235.0, 275.0]\":-0.199,\"[245.0, 245.0, 275.0, 275.0]\":-0.199,\"[245.0, 285.0, 275.0, 315.0]\":-0.199,\"[285.0, 285.0, 315.0, 315.0]\":-0.1,\"[285.0, 245.0, 315.0, 275.0]\":-0.1,\"[205.0, 285.0, 235.0, 315.0]\":-0.199,\"[125.0, 245.0, 155.0, 275.0]\":-0.2881,\"[285.0, 45.0, 315.0, 75.0]\":0.0,\"[245.0, 85.0, 275.0, 115.0]\":0.0,\"[125.0, 165.0, 155.0, 195.0]\":0.0,\"[205.0, 205.0, 235.0, 235.0]\":-0.1,\"[245.0, 205.0, 275.0, 235.0]\":-0.1,\"[285.0, 205.0, 315.0, 235.0]\":-0.1,\"[245.0, 165.0, 275.0, 195.0]\":-0.1,\"[165.0, 165.0, 195.0, 195.0]\":0.0,\"[205.0, 165.0, 235.0, 195.0]\":-0.1,\"[285.0, 165.0, 315.0, 195.0]\":-0.1,\"[285.0, 125.0, 315.0, 155.0]\":-0.1,\"[245.0, 125.0, 275.0, 155.0]\":-0.1,\"[285.0, 85.0, 315.0, 115.0]\":0.0,\"[205.0, 125.0, 235.0, 155.0]\":-0.1},\"3\":{\"[5.0, 5.0, 35.0, 35.0]\":-2.9573512634,\"[5.0, 45.0, 35.0, 75.0]\":-2.5282790567,\"[5.0, 85.0, 35.0, 115.0]\":-2.1058177301,\"[5.0, 125.0, 35.0, 155.0]\":-1.7264915879,\"[5.0, 165.0, 35.0, 195.0]\":-1.2976191489,\"[45.0, 165.0, 75.0, 195.0]\":-1.0581627868,\"[45.0, 125.0, 75.0, 155.0]\":0.0,\"[45.0, 5.0, 75.0, 35.0]\":-2.3536433849,\"[85.0, 5.0, 115.0, 35.0]\":-1.5800207947,\"[45.0, 45.0, 75.0, 75.0]\":-2.353999841,\"[45.0, 85.0, 75.0, 115.0]\":0.0,\"[85.0, 45.0, 115.0, 75.0]\":0.0,\"[125.0, 5.0, 155.0, 35.0]\":-0.8704895529,\"[165.0, 5.0, 195.0, 35.0]\":-0.5598341646,\"[125.0, 45.0, 155.0, 75.0]\":-0.95,\"[125.0, 85.0, 155.0, 115.0]\":0.0,\"[125.0, 125.0, 155.0, 155.0]\":0.0,\"[165.0, 45.0, 195.0, 75.0]\":0.0,\"[5.0, 205.0, 35.0, 235.0]\":-1.0466174574,\"[45.0, 205.0, 75.0, 